Bird Name,Recording #,Title,Source,URL,Audio URL,Location,Recordist,Quality
Wood Thrush,1,Wood Thrush - song,Xeno-canto,https://www.xeno-canto.org/1013067,https://xeno-canto.org/1013067/download,"Réserve nationale de faune du cap Tourmente, La Côte-de-Beaupré, Québec",Stanislas Wroza,A
Wood Thrush,2,Wood Thrush - song,Xeno-canto,https://www.xeno-canto.org/1013066,https://xeno-canto.org/1013066/download,"Réserve nationale de faune du cap Tourmente, La Côte-de-Beaupré, Québec",Stanislas Wroza,A
Wood Thrush,3,Wood Thrush - song,Xeno-canto,https://www.xeno-canto.org/1013065,https://xeno-canto.org/1013065/download,"Réserve nationale de faune du cap Tourmente, La Côte-de-Beaupré, Québec",Stanislas Wroza,A
Black-throated Blue Warbler,1,Black-throated Blue Warbler - flight call,Xeno-canto,https://www.xeno-canto.org/1013892,https://xeno-canto.org/1013892/download,"Stationnement des dunes (near  Tadoussac), Côte-Nord, Québec",Stanislas Wroza,A
Black-throated Blue Warbler,2,Black-throated Blue Warbler - song,Xeno-canto,https://www.xeno-canto.org/1013122,https://xeno-canto.org/1013122/download,"Réserve nationale de faune du cap Tourmente, La Côte-de-Beaupré, Québec",Stanislas Wroza,A
Black-throated Blue Warbler,3,Black-throated Blue Warbler - song,Xeno-canto,https://www.xeno-canto.org/1013121,https://xeno-canto.org/1013121/download,"Réserve nationale de faune du cap Tourmente, La Côte-de-Beaupré, Québec",Stanislas Wroza,A
Scarlet Tanager,1,Scarlet Tanager - song,Xeno-canto,https://www.xeno-canto.org/564227,https://xeno-canto.org/564227/download,"Lunenburg, Lunenburg County, Nova Scotia",K Lantz,no score
Scarlet Tanager,2,Scarlet Tanager - nocturnal flight call,Xeno-canto,https://www.xeno-canto.org/549864,https://xeno-canto.org/549864/download,"Houston, Harris County, Texas",Cin-Ty Lee,no score
Scarlet Tanager,3,"Scarlet Tanager - alarm call, call, flight call, chip-burr",Xeno-canto,https://www.xeno-canto.org/1013158,https://xeno-canto.org/1013158/download,"Réserve nationale de faune du cap Tourmente, La Côte-de-Beaupré, Québec",Stanislas Wroza,A
Rose-breasted Grosbeak,1,"Rose-breasted Grosbeak - call, squeaky calls",Xeno-canto,https://www.xeno-canto.org/1015048,https://xeno-canto.org/1015048/download,"La Haute-Yamaska (near  Shefford), Estrie, Québec",Stanislas Wroza,A
Rose-breasted Grosbeak,2,"Rose-breasted Grosbeak - call, song",Xeno-canto,https://www.xeno-canto.org/1015047,https://xeno-canto.org/1015047/download,"La Haute-Yamaska (near  Shefford), Estrie, Québec",Stanislas Wroza,A
Rose-breasted Grosbeak,3,Rose-breasted Grosbeak - flight call,Xeno-canto,https://www.xeno-canto.org/1015046,https://xeno-canto.org/1015046/download,"La Haute-Yamaska (near  Shefford), Estrie, Québec",Stanislas Wroza,A
Veery,1,"Veery - call, distress call",Xeno-canto,https://www.xeno-canto.org/531130,https://xeno-canto.org/531130/download,"São Desidério, Bahia",Sandro Paulino de Faria,no score
Veery,2,Veery - call,Xeno-canto,https://www.xeno-canto.org/508264,https://xeno-canto.org/508264/download,"Yard, Boca del Drago, Isla Colon, Bocas del Toro",JP Wade,no score
Veery,3,Veery - call,Xeno-canto,https://www.xeno-canto.org/484555,https://xeno-canto.org/484555/download,"Beaver Lake Nature Center, Baldwinsville, Onondaga County, New York",Molly Jacobson,no score
Hermit Thrush,1,Hermit Thrush - song,Xeno-canto,https://www.xeno-canto.org/1015003,https://xeno-canto.org/1015003/download,"Bécancour Regional County Municipality (near  Bécancour), Centre-du-Québec, Quebec",Stanislas Wroza,A
Hermit Thrush,2,Hermit Thrush - song,Xeno-canto,https://www.xeno-canto.org/1015002,https://xeno-canto.org/1015002/download,"Bécancour Regional County Municipality (near  Bécancour), Centre-du-Québec, Quebec",Stanislas Wroza,A
Hermit Thrush,3,Hermit Thrush - song,Xeno-canto,https://www.xeno-canto.org/1015001,https://xeno-canto.org/1015001/download,"Bécancour Regional County Municipality (near  Bécancour), Centre-du-Québec, Quebec",Stanislas Wroza,A
Black-capped Chickadee,1,Black-capped Chickadee - call,Xeno-canto,https://www.xeno-canto.org/544967,https://xeno-canto.org/544967/download,"2310 North Wygant Street, North Portland, Multnomah County, Oregon",Thomas Magarian,no score
Black-capped Chickadee,2,Black-capped Chickadee - call,Xeno-canto,https://www.xeno-canto.org/544964,https://xeno-canto.org/544964/download,"Kelley Point Park, North Portland, Multnomah County, Oregon",Thomas Magarian,no score
Black-capped Chickadee,3,Black-capped Chickadee - song,Xeno-canto,https://www.xeno-canto.org/544963,https://xeno-canto.org/544963/download,"Kelley Point Park, North Portland, Multnomah County, Oregon",Thomas Magarian,no score
Musician Wren,1,Musician Wren - song,Xeno-canto,https://www.xeno-canto.org/984287,https://xeno-canto.org/984287/download,"Rio Bigal Reserve, Orellana",Marc Anderson,A
Musician Wren,2,Musician Wren - song,Xeno-canto,https://www.xeno-canto.org/984286,https://xeno-canto.org/984286/download,"Rio Bigal Reserve, Orellana",Marc Anderson,A
Musician Wren,3,Musician Wren - song,Xeno-canto,https://www.xeno-canto.org/905037,https://xeno-canto.org/905037/download,Floresta Nacional de Tefé,Thiago Bicudo,A
Screaming Piha,1,Screaming Piha - call,Xeno-canto,https://www.xeno-canto.org/1004625,https://xeno-canto.org/1004625/download,"Kaw, débaracadère",Christian Kerihuel,A
Screaming Piha,2,Screaming Piha - song,Xeno-canto,https://www.xeno-canto.org/984291,https://xeno-canto.org/984291/download,"Rio Bigal Reserve, Orellana",Marc Anderson,A
Screaming Piha,3,Screaming Piha - song,Xeno-canto,https://www.xeno-canto.org/984290,https://xeno-canto.org/984290/download,"Rio Bigal Reserve, Orellana",Marc Anderson,A
White-bellied Antbird,1,White-bellied Antbird - song,Xeno-canto,https://www.xeno-canto.org/544567,https://xeno-canto.org/544567/download,"Mana Dulce, Cundinamarca",Jerome Fischer,no score
White-bellied Antbird,2,White-bellied Antbird - song,Xeno-canto,https://www.xeno-canto.org/532177,https://xeno-canto.org/532177/download,"Mana Dulce, Cundinamarca",Jerome Fischer,no score
White-bellied Antbird,3,White-bellied Antbird - song,Xeno-canto,https://www.xeno-canto.org/465901,https://xeno-canto.org/465901/download,"Hato La Hidra, Las Vegas, Cojedes 9.21, -68.32",Rosendo Manuel Fraga,no score
Amazonian Umbrellabird,1,Amazonian Umbrellabird - song,Xeno-canto,https://www.xeno-canto.org/259082,https://xeno-canto.org/259082/download,"Sucumbíos: 'La Selva Jungle Lodge', n bank Río Napo",John V. Moore,A
Amazonian Umbrellabird,2,Amazonian Umbrellabird - song,Xeno-canto,https://www.xeno-canto.org/982151,https://xeno-canto.org/982151/download,"Rio Bigal Reserve, Orellana",Marc Anderson,B
Amazonian Umbrellabird,3,"Amazonian Umbrellabird - song, lek song",Xeno-canto,https://www.xeno-canto.org/870821,https://xeno-canto.org/870821/download,"Wayra reserve (near  La Merced de Jondachi), Cantón Archidona, Napo",Juan Freile,B
Spix's Guan,1,Spix's Guan - wing rattle,Xeno-canto,https://www.xeno-canto.org/986580,https://xeno-canto.org/986580/download,"Orellana: Mandari Panga Yasuni, south bank Río Tiputini",Marc Anderson,A
Spix's Guan,2,Spix's Guan - wing rattle,Xeno-canto,https://www.xeno-canto.org/986579,https://xeno-canto.org/986579/download,"Orellana: Mandari Panga Yasuni, south bank Río Tiputini",Marc Anderson,A
Spix's Guan,3,Spix's Guan - wing rattle,Xeno-canto,https://www.xeno-canto.org/986578,https://xeno-canto.org/986578/download,"Orellana: Mandari Panga Yasuni, south bank Río Tiputini",Marc Anderson,A
Hoatzin,1,"Hoatzin - alarm call, call",Xeno-canto,https://www.xeno-canto.org/440134,https://xeno-canto.org/440134/download,"Acoima, Delta Amacuro",Rosendo Fraga,no score
Hoatzin,2,Hoatzin - alarm call,Xeno-canto,https://www.xeno-canto.org/329291,https://xeno-canto.org/329291/download,"Ramal Seringal Cachoeira, Xapuri, Acre",Fernando Igor de Godoy,no score
Hoatzin,3,Hoatzin - call,Xeno-canto,https://www.xeno-canto.org/329290,https://xeno-canto.org/329290/download,"Ramal Seringal Cachoeira, Xapuri, Acre",Fernando Igor de Godoy,no score
Amazonian Royal Flycatcher,1,Amazonian Royal Flycatcher - call,Xeno-canto,https://www.xeno-canto.org/521600,https://xeno-canto.org/521600/download,"Cristalino Jungle Lodge, MT",Jarrod Swackhamer,no score
Amazonian Royal Flycatcher,2,Amazonian Royal Flycatcher - call,Xeno-canto,https://www.xeno-canto.org/437234,https://xeno-canto.org/437234/download,"Reserva Natural Palmarí, Rio Javarí, AM",Jerome Fischer,no score
Amazonian Royal Flycatcher,3,Amazonian Royal Flycatcher - call,Xeno-canto,https://www.xeno-canto.org/343983,https://xeno-canto.org/343983/download,"Cidelândia, Maranhão",Igor Camacho,no score
Superb Lyrebird,1,Superb Lyrebird - song,Xeno-canto,https://www.xeno-canto.org/974554,https://xeno-canto.org/974554/download,"Brendon's Corner (near  Kallista), Yarra Ranges Shire, Victoria",Andrew McCafferty,A
Superb Lyrebird,2,Superb Lyrebird - song,Xeno-canto,https://www.xeno-canto.org/842470,https://xeno-canto.org/842470/download,"Lyrebird Walkway, Dandenong Ranges, Victoria",Ken George,A
Superb Lyrebird,3,Superb Lyrebird - song,Xeno-canto,https://www.xeno-canto.org/832555,https://xeno-canto.org/832555/download,"Wirrawilla Rainforest walk, Toolangi, Victoria",nick talbot,A
Australian Magpie,1,Australian Magpie - song,Xeno-canto,https://www.xeno-canto.org/1008335,https://xeno-canto.org/1008335/download,"University of Canberra (near  Bruce), Australian Capital Territory",James Lambert,A
Australian Magpie,2,Australian Magpie - song,Xeno-canto,https://www.xeno-canto.org/935908,https://xeno-canto.org/935908/download,"Griffiths Island Wildlife Platform (near  Port Fairy), Moyne Shire, Victoria",Romuald Mikusek,A
Australian Magpie,3,Australian Magpie - ,Xeno-canto,https://www.xeno-canto.org/934083,https://xeno-canto.org/934083/download,"You Yangs Regional Park, Geelong, Victoria",Justin Watts,A
Pied Butcherbird,1,Pied Butcherbird - song,Xeno-canto,https://www.xeno-canto.org/1004414,https://xeno-canto.org/1004414/download,"Bimbi, New South Wales",Marc Anderson,A
Pied Butcherbird,2,Pied Butcherbird - call,Xeno-canto,https://www.xeno-canto.org/1004413,https://xeno-canto.org/1004413/download,"Bimbi, New South Wales",Marc Anderson,A
Pied Butcherbird,3,Pied Butcherbird - alarm call,Xeno-canto,https://www.xeno-canto.org/1001920,https://xeno-canto.org/1001920/download,"Paroo Darling National Park, New South Wales",Marc Anderson,A
Grey Shrike-thrush,1,Grey Shrike-thrush song,eBird/Macaulay Library,https://ebird.org/species/grey-shrike-thrush,,Various,Various,High
Grey Shrike-thrush,2,Grey Shrike-thrush sounds and calls,All About Birds,https://www.allaboutbirds.org/guide/Grey_Shrike-thrush/sounds,,Various,Cornell Lab,High
Rufous Whistler,1,Rufous Whistler - song,Xeno-canto,https://www.xeno-canto.org/988030,https://xeno-canto.org/988030/download,"Greater Bendigo National Park--Old Distillery Dam, Victoria",Nick Talbot,A
Rufous Whistler,2,Rufous Whistler - song,Xeno-canto,https://www.xeno-canto.org/980324,https://xeno-canto.org/980324/download,"East Barron, Tablelands Regional, Queensland",Andrew McCafferty,A
Rufous Whistler,3,"Rufous Whistler - song, subsong",Xeno-canto,https://www.xeno-canto.org/941907,https://xeno-canto.org/941907/download,"Lawson, Australian Capital Territory",James Lambert,A
Golden Whistler,1,Australian Golden Whistler - song,Xeno-canto,https://www.xeno-canto.org/931046,https://xeno-canto.org/931046/download,"Pink Lake, Bruce, Australian Capital Territory",James Lambert,A
Golden Whistler,2,Australian Golden Whistler - song,Xeno-canto,https://www.xeno-canto.org/860006,https://xeno-canto.org/860006/download,"Waterfall Creek State Reserve, Bruny, Tasmania",Peter Boesman,A
Golden Whistler,3,Australian Golden Whistler - song,Xeno-canto,https://www.xeno-canto.org/791431,https://xeno-canto.org/791431/download,"Blue Mountains (near  Katoomba), Blue Mountains City Council, New South Wales",James Lambert,A
Eastern Whipbird,1,Eastern Whipbird - duet,Xeno-canto,https://www.xeno-canto.org/979796,https://xeno-canto.org/979796/download,"Lake Barrine, Tablelands Regional, Queensland",Andrew McCafferty,A
Eastern Whipbird,2,Eastern Whipbird - song,Xeno-canto,https://www.xeno-canto.org/871207,https://xeno-canto.org/871207/download,"Healesville, Maroondah Reservior",Sunny Tseng,A
Eastern Whipbird,3,Eastern Whipbird - song,Xeno-canto,https://www.xeno-canto.org/832974,https://xeno-canto.org/832974/download,"Witches Falls, Tamborine NP Qld",Sreekar,A
African Grey Hornbill,1,African Grey Hornbill - call,Xeno-canto,https://www.xeno-canto.org/996194,https://xeno-canto.org/996194/download,Aseer Province,bert de bruin,A
African Grey Hornbill,2,African Grey Hornbill - song,Xeno-canto,https://www.xeno-canto.org/985625,https://xeno-canto.org/985625/download,Dindefelo,Oscar Campbell,A
African Grey Hornbill,3,African Grey Hornbill - song,Xeno-canto,https://www.xeno-canto.org/985623,https://xeno-canto.org/985623/download,Dindefelo,Oscar Campbell,A
Lilac-breasted Roller,1,Lilac-breasted Roller - call,Xeno-canto,https://www.xeno-canto.org/1004834,https://xeno-canto.org/1004834/download,Limpopo River,Marc Anderson,A
Lilac-breasted Roller,2,"Lilac-breasted Roller - call, People walking",Xeno-canto,https://www.xeno-canto.org/949678,https://xeno-canto.org/949678/download,"Maruleng (near  Phalaborwa), Mopani District Municipality, Limpopo",Nick Talbot,A
Lilac-breasted Roller,3,Lilac-breasted Roller - call,Xeno-canto,https://www.xeno-canto.org/878320,https://xeno-canto.org/878320/download,Manyeleti Game Reserve,Marc Anderson,A
Red-billed Oxpecker,1,Red-billed Oxpecker - call,Xeno-canto,https://www.xeno-canto.org/878228,https://xeno-canto.org/878228/download,Northern Tuli Game Reserve,Marc Anderson,A
Red-billed Oxpecker,2,Red-billed Oxpecker - call,Xeno-canto,https://www.xeno-canto.org/872958,https://xeno-canto.org/872958/download,Northern Tuli Game Reserve,Marc Anderson,A
Red-billed Oxpecker,3,Red-billed Oxpecker - call,Xeno-canto,https://www.xeno-canto.org/718397,https://xeno-canto.org/718397/download,"Makana Local Municipality (near  Fort Brown), Western District, Eastern Cape",Lynette Rudman,A
Superb Starling,1,Superb Starling - call,Xeno-canto,https://www.xeno-canto.org/948237,https://xeno-canto.org/948237/download,Samburu National Park,Peter Boesman,A
Superb Starling,2,Superb Starling - call,Xeno-canto,https://www.xeno-canto.org/603758,https://xeno-canto.org/603758/download,"Mandegee farm, oloitoktok",isaac kilusu,A
Superb Starling,3,"Superb Starling - alarm call, song",Xeno-canto,https://www.xeno-canto.org/602928,https://xeno-canto.org/602928/download,"Mandegee farm, oloitoktok",isaac kilusu,A
Fiscal Shrike,1,Fiscal Shrike song,eBird/Macaulay Library,https://ebird.org/species/fiscal-shrike,,Various,Various,High
Fiscal Shrike,2,Fiscal Shrike sounds and calls,All About Birds,https://www.allaboutbirds.org/guide/Fiscal_Shrike/sounds,,Various,Cornell Lab,High
Yellow-billed Hornbill,1,"Southern Yellow-billed Hornbill - begging call, song",Xeno-canto,https://www.xeno-canto.org/546352,https://xeno-canto.org/546352/download,Hoedspruit,Derek Solomon,no score
Yellow-billed Hornbill,2,Southern Yellow-billed Hornbill - song,Xeno-canto,https://www.xeno-canto.org/545193,https://xeno-canto.org/545193/download,Hoedspruit,Derek Solomon,no score
Yellow-billed Hornbill,3,Southern Yellow-billed Hornbill - call,Xeno-canto,https://www.xeno-canto.org/538801,https://xeno-canto.org/538801/download,Hoedspruit,Derek Solomon,no score
Red-chested Cuckoo,1,Red-chested Cuckoo - call,Xeno-canto,https://www.xeno-canto.org/1010142,https://xeno-canto.org/1010142/download,"Nyakalengija, Kasese District",Jonathan Onongo,A
Red-chested Cuckoo,2,Red-chested Cuckoo - call,Xeno-canto,https://www.xeno-canto.org/1010141,https://xeno-canto.org/1010141/download,"Nyakalengija, Kasese District",Jonathan Onongo,A
Red-chested Cuckoo,3,Red-chested Cuckoo - ,Xeno-canto,https://www.xeno-canto.org/1003573,https://xeno-canto.org/1003573/download,"Kruger Park (near  Skukuza), Ehlanzeni District Municipality, Mpumalanga",African Bioacoustics Community,A
Siberian Rubythroat,1,Siberian Rubythroat - subsong,Xeno-canto,https://www.xeno-canto.org/1010606,https://xeno-canto.org/1010606/download,"Sharga Moritoyn Dyan, Chingeltei District, Ulaanbaatar",Ding Li Yong,A
Siberian Rubythroat,2,"Siberian Rubythroat - song, subsong",Xeno-canto,https://www.xeno-canto.org/1010355,https://xeno-canto.org/1010355/download,"Sharga Moritoyn Dyan, Chingeltei District, Ulaanbaatar",Ding Li Yong,A
Siberian Rubythroat,3,Siberian Rubythroat - song,Xeno-canto,https://www.xeno-canto.org/1000804,https://xeno-canto.org/1000804/download,"Si Zui Jiao, Minhang, Shanghai",Bo Shunqi 薄顺奇,A
Bluethroat,1,Bluethroat - song,Xeno-canto,https://www.xeno-canto.org/1009213,https://xeno-canto.org/1009213/download,"Flatruet, Härjedalen, Jämtlands län",Ulf Elman,A
Bluethroat,2,Bluethroat - song,Xeno-canto,https://www.xeno-canto.org/1009212,https://xeno-canto.org/1009212/download,"Flatruet, Härjedalen, Jämtlands län",Ulf Elman,A
Bluethroat,3,Bluethroat - song,Xeno-canto,https://www.xeno-canto.org/1005709,https://xeno-canto.org/1005709/download,"Övre Soppero, Kiruna Municipality, Norrbottens län",Dag Österlund,A
Pallas's Leaf Warbler,1,Pallas's Leaf Warbler - song,Xeno-canto,https://www.xeno-canto.org/999971,https://xeno-canto.org/999971/download,Shanghai Botanical Garden,Bo Shunqi 薄顺奇,A
Pallas's Leaf Warbler,2,Pallas's Leaf Warbler - song,Xeno-canto,https://www.xeno-canto.org/992673,https://xeno-canto.org/992673/download,"Zhejiang University-Zijingang Campus, Hangzhou, Zhejiang",Feather V,A
Pallas's Leaf Warbler,3,Pallas's Leaf Warbler - song,Xeno-canto,https://www.xeno-canto.org/992587,https://xeno-canto.org/992587/download,"Haiwan Forest Park, Fengxian, Shanghai",Bo Shunqi 薄顺奇,A
Siberian Accentor,1,Siberian Accentor - call,Xeno-canto,https://www.xeno-canto.org/676021,https://xeno-canto.org/676021/download,"Momskiy Natsional'nyy Ulus, Sakha Republic",Albert Lastukhin,A
Siberian Accentor,2,Siberian Accentor - song,Xeno-canto,https://www.xeno-canto.org/675129,https://xeno-canto.org/675129/download,"Momskiy Natsional'nyy Ulus, Sakha Republic",Albert Lastukhin,A
Siberian Accentor,3,"Siberian Accentor - song, full song",Xeno-canto,https://www.xeno-canto.org/674234,https://xeno-canto.org/674234/download,"Momskiy Natsional'nyy Ulus, Sakha Republic",Albert Lastukhin,A
Red-flanked Bluetail,1,Red-flanked Bluetail - song,Xeno-canto,https://www.xeno-canto.org/1005444,https://xeno-canto.org/1005444/download,"Wudaogou, chongli, Zhangjiakou, Hebei",Zhen niu,A
Red-flanked Bluetail,2,Red-flanked Bluetail - song,Xeno-canto,https://www.xeno-canto.org/999306,https://xeno-canto.org/999306/download,"Sharga Moritoyn Dyan, Chingeltei District, Ulaanbaatar",Ding Li Yong,A
Red-flanked Bluetail,3,Red-flanked Bluetail - song,Xeno-canto,https://www.xeno-canto.org/996050,https://xeno-canto.org/996050/download,"Inari, Lapland",Timeo CONSTANT,A
Siberian Jay,1,"Siberian Jay - song, subsong?",Xeno-canto,https://www.xeno-canto.org/871731,https://xeno-canto.org/871731/download,"Västermark, Umeå, Västerbottens län",Lars Edenius,A
Siberian Jay,2,Siberian Jay - call,Xeno-canto,https://www.xeno-canto.org/771661,https://xeno-canto.org/771661/download,"Fulufjället Njupeskär, Älvdalen Municipality, Dalarnas län",Ulf Elman,A
Siberian Jay,3,"Siberian Jay - call, begging or aggression call?",Xeno-canto,https://www.xeno-canto.org/754119,https://xeno-canto.org/754119/download,"Styggrubba, Vilhelmina Municipality, Västerbottens län",Lars Edenius,A
Pine Grosbeak,1,"Pine Grosbeak - call, flight call",Xeno-canto,https://www.xeno-canto.org/1014526,https://xeno-canto.org/1014526/download,"Le Fjord-du-Saguenay Regional County Municipality (near  Saint-Fulgence), Saguenay–Lac-Saint-Jean, Quebec",Stanislas Wroza,A
Pine Grosbeak,2,"Pine Grosbeak - alarm call, call, flight call",Xeno-canto,https://www.xeno-canto.org/1014525,https://xeno-canto.org/1014525/download,"Le Fjord-du-Saguenay Regional County Municipality (near  Saint-Fulgence), Saguenay–Lac-Saint-Jean, Quebec",Stanislas Wroza,A
Pine Grosbeak,3,"Pine Grosbeak - flight call, song, rolled flight calls",Xeno-canto,https://www.xeno-canto.org/1014524,https://xeno-canto.org/1014524/download,"Le Fjord-du-Saguenay Regional County Municipality (near  Saint-Fulgence), Saguenay–Lac-Saint-Jean, Quebec",Stanislas Wroza,A
Common Nightingale,1,Common Nightingale - song,Xeno-canto,https://www.xeno-canto.org/1013706,https://xeno-canto.org/1013706/download,"Gmina Poniec (near  Pudliszki), Gostyń County, Greater Poland Voivodeship",Grzegorz Lorek,A
Common Nightingale,2,Common Nightingale - song,Xeno-canto,https://www.xeno-canto.org/1013705,https://xeno-canto.org/1013705/download,"Gmina Rydzyna (near  Kąkolewo), leszczyński, Greater Poland Voivodeship",Grzegorz Lorek,A
Common Nightingale,3,Common Nightingale - song,Xeno-canto,https://www.xeno-canto.org/1011872,https://xeno-canto.org/1011872/download,"Bocchigliero, Province of Cosenza, Calabria",Francesco Sottile,A
European Robin,1,European Robin - song,Xeno-canto,https://www.xeno-canto.org/1015479,https://xeno-canto.org/1015479/download,"Saski Park, Lublin, Powiat Lublin, Województwo lubelskie",Romuald Mikusek,A
European Robin,2,"European Robin - begging call, call",Xeno-canto,https://www.xeno-canto.org/1015273,https://xeno-canto.org/1015273/download,"Salisbury, Wiltshire, England",Thomas Coldwell,A
European Robin,3,European Robin - song,Xeno-canto,https://www.xeno-canto.org/1012070,https://xeno-canto.org/1012070/download,"Val d'Aran (near  Bossòst), Lleida, Catalonia",Olivier SWIFT,A
Blackcap,1,Eurasian Blackcap - song,Xeno-canto,https://www.xeno-canto.org/1014916,https://xeno-canto.org/1014916/download,"Stora Tuvan, Umeå, Västerbottens län",Lars Edenius,A
Blackcap,2,Eurasian Blackcap - song,Xeno-canto,https://www.xeno-canto.org/1014909,https://xeno-canto.org/1014909/download,"Stora Tuvan, Umeå, Västerbottens län",Lars Edenius,A
Blackcap,3,Eurasian Blackcap - song,Xeno-canto,https://www.xeno-canto.org/1013614,https://xeno-canto.org/1013614/download,"Gmina Ostrów Lubelski (near  Bójki), Powiat lubartowski, Województwo lubelskie",Romuald Mikusek,A
Sardinian Warbler,1,Sardinian Warbler - call,Xeno-canto,https://www.xeno-canto.org/1009243,https://xeno-canto.org/1009243/download,Enfores de la Vignolle,Frantz Barrault,A
Sardinian Warbler,2,Sardinian Warbler - song,Xeno-canto,https://www.xeno-canto.org/1007832,https://xeno-canto.org/1007832/download,"Umbriatico, Province of Crotone, Calabria",Francesco Sottile,A
Sardinian Warbler,3,Sardinian Warbler - song,Xeno-canto,https://www.xeno-canto.org/1004644,https://xeno-canto.org/1004644/download,"Lakonia, Peloponnese Region, Decentralized Administration of Peloponnese, Western Greece and the Ionian",Radek Grochowski,A
Subalpine Warbler,1,Western Subalpine Warbler - call,Xeno-canto,https://www.xeno-canto.org/1006610,https://xeno-canto.org/1006610/download,"El Torcal de Antequera, Malaga",Magnus Hellström,A
Subalpine Warbler,2,"Western Subalpine Warbler - song, subsong",Xeno-canto,https://www.xeno-canto.org/1002784,https://xeno-canto.org/1002784/download,"Burgohondo - el Tiemblo - Cebreros (Valle del Alberche y Tierra de Pinares) (near  El Hoyo de Pinares), Ávila, Castile and León",João Tomás,A
Subalpine Warbler,3,"Western Subalpine Warbler - song, subsong",Xeno-canto,https://www.xeno-canto.org/1002778,https://xeno-canto.org/1002778/download,"Burgohondo - el Tiemblo - Cebreros (Valle del Alberche y Tierra de Pinares) (near  El Hoyo de Pinares), Ávila, Castile and León",João Tomás,A
Cirl Bunting,1,Cirl Bunting - song,Xeno-canto,https://www.xeno-canto.org/1008321,https://xeno-canto.org/1008321/download,"Saint-Denis (near  Grand-bruson), Valle d'Aosta, Valle d'Aosta",Luca Forneris,A
Cirl Bunting,2,Cirl Bunting - song,Xeno-canto,https://www.xeno-canto.org/1007646,https://xeno-canto.org/1007646/download,"Bois Sagnières (near  Chorges), Hautes-Alpes, Provence-Alpes-Côte d'Azur",Azens,A
Cirl Bunting,3,Cirl Bunting - song,Xeno-canto,https://www.xeno-canto.org/1007542,https://xeno-canto.org/1007542/download,"Falerna, Provincia di Catanzaro, Calabria",Francesco Sottile,A
Thekla Lark,1,Thekla Lark song,eBird/Macaulay Library,https://ebird.org/species/thekla-lark,,Various,Various,High
Thekla Lark,2,Thekla Lark sounds and calls,All About Birds,https://www.allaboutbirds.org/guide/Thekla_Lark/sounds,,Various,Cornell Lab,High
Himalayan Monal,1,Himalayan Monal - call,Xeno-canto,https://www.xeno-canto.org/523178,https://xeno-canto.org/523178/download,Haa,Daniel Danckwerts,no score
Himalayan Monal,2,Himalayan Monal - ,Xeno-canto,https://www.xeno-canto.org/946556,https://xeno-canto.org/946556/download,"Soja-Jalori Pass Area,Himachal Pradesh",Pratap Singh,A
Himalayan Monal,3,Himalayan Monal - ,Xeno-canto,https://www.xeno-canto.org/946554,https://xeno-canto.org/946554/download,"Silt, Great Himalayan National Park Area,Arunachal Pradesh",Pratap Singh,A
Blood Pheasant,1,Blood Pheasant - call,Xeno-canto,https://www.xeno-canto.org/975250,https://xeno-canto.org/975250/download,"Gyirong, Tibet",Shuangqi Liu,A
Blood Pheasant,2,Blood Pheasant - call,Xeno-canto,https://www.xeno-canto.org/916269,https://xeno-canto.org/916269/download,"Mengbishan, Sichuan",Peter Boesman,A
Blood Pheasant,3,Blood Pheasant - song,Xeno-canto,https://www.xeno-canto.org/889114,https://xeno-canto.org/889114/download,Sela Pass,Lars Lachmann,A
Himalayan Bulbul,1,Himalayan Bulbul - song,Xeno-canto,https://www.xeno-canto.org/843983,https://xeno-canto.org/843983/download,"Kaski (near  Sarangkot), Gandaki, Western Region",Greg Irving,A
Himalayan Bulbul,2,Himalayan Bulbul - song,Xeno-canto,https://www.xeno-canto.org/843974,https://xeno-canto.org/843974/download,"Kaski (near  Sarangkot), Gandaki, Western Region",Greg Irving,A
Himalayan Bulbul,3,Himalayan Bulbul - song,Xeno-canto,https://www.xeno-canto.org/835420,https://xeno-canto.org/835420/download,"Gokarna Forest Resort, Kathmandu",Bram Piot,A
Rufous-breasted Accentor,1,Rufous-breasted Accentor - call,Xeno-canto,https://www.xeno-canto.org/953859,https://xeno-canto.org/953859/download,"Tang Ji He Reserve, Sichuan",Shuangqi Liu,A
Rufous-breasted Accentor,2,Rufous-breasted Accentor - song,Xeno-canto,https://www.xeno-canto.org/916553,https://xeno-canto.org/916553/download,"Mengbishan, Sichuan",Peter Boesman,A
Rufous-breasted Accentor,3,Rufous-breasted Accentor - call,Xeno-canto,https://www.xeno-canto.org/916551,https://xeno-canto.org/916551/download,"Mengbishan, Sichuan",Peter Boesman,A
Himalayan Rubythroat,1,Himalayan Rubythroat - song,Xeno-canto,https://www.xeno-canto.org/1008410,https://xeno-canto.org/1008410/download,"Big Almaty lake, Almaty, Karasay District, Almaty Region",Erik Hansson,A
Himalayan Rubythroat,2,Himalayan Rubythroat - song,Xeno-canto,https://www.xeno-canto.org/906027,https://xeno-canto.org/906027/download,Chon Ashu Pass,Arend Wassink,A
Himalayan Rubythroat,3,Himalayan Rubythroat - song,Xeno-canto,https://www.xeno-canto.org/842899,https://xeno-canto.org/842899/download,"Tian Shan Observatory, Karasay District, Almaty Province",Ding Li Yong,A
White-browed Rosefinch,1,Himalayan White-browed Rosefinch - call,Xeno-canto,https://www.xeno-canto.org/810132,https://xeno-canto.org/810132/download,"near Mangengoth, Helambu region",Marc Anderson,A
White-browed Rosefinch,2,Himalayan White-browed Rosefinch - call,Xeno-canto,https://www.xeno-canto.org/547633,https://xeno-canto.org/547633/download,"Lokat Bangus (Little Bangus Valley), Jammu and Kashmir",Andrew Spencer,B
White-browed Rosefinch,3,Himalayan White-browed Rosefinch - song,Xeno-canto,https://www.xeno-canto.org/507803,https://xeno-canto.org/507803/download,"Chele La, Haa",Rolf A. de By,B
Alpine Chough,1,Alpine Chough - call,Xeno-canto,https://www.xeno-canto.org/975054,https://xeno-canto.org/975054/download,"Çukurbağ, Çamardı, Niğde",András Schmidt,A
Alpine Chough,2,Alpine Chough - flight call,Xeno-canto,https://www.xeno-canto.org/972217,https://xeno-canto.org/972217/download,"Kayadibi, Pütürge, Malatya",Manuel Oudard,A
Alpine Chough,3,Alpine Chough - call,Xeno-canto,https://www.xeno-canto.org/962380,https://xeno-canto.org/962380/download,"Gimillan, near Cogne, Valle d'Aosta",Daniele Baroni,A
Common Waxbill,1,"Common Waxbill - song, subsong, atypical song",Xeno-canto,https://www.xeno-canto.org/998110,https://xeno-canto.org/998110/download,"Xinzo, Brión, A Coruña, Galicia",Jacobo Ramil Millarengo,A
Common Waxbill,2,Common Waxbill - call,Xeno-canto,https://www.xeno-canto.org/986807,https://xeno-canto.org/986807/download,"Alt Empordà (near  Sant Pere Pescador), Girona, Catalunya",Christian Kerihuel,A
Common Waxbill,3,Common Waxbill - call,Xeno-canto,https://www.xeno-canto.org/927211,https://xeno-canto.org/927211/download,"Estuário do Âncora, Caminha, Viana do Castelo",Jorge Leitão,A
